,
,01/11/2017 19:30:22
,
,01/03/2017 16:37:50
,01/26/2017 14:02:22
,
,
,01/26/2017 13:01:59
,01/26/2017 09:31:41
,01/26/2017 09:31:41
,02/07/2016 22:39:37
,01/26/2017 14:54:55
,01/25/2017 12:44:03
,01/26/2017 07:25:00
,
,01/26/2017 14:50:42
,01/26/2017 14:50:39
,01/26/2017 14:52:10
,08/23/2016 16:09:18
,01/26/2017 11:20:30
,01/26/2017 14:16:50
,01/24/2017 11:06:37
,01/26/2017 14:52:29
,01/26/2017 08:39:57
,
,01/26/2017 14:57:06
,01/26/2017 05:45:17
,01/26/2017 14:49:44
,08/28/2015 14:11:36
,01/26/2017 14:17:33
,01/26/2017 14:40:23
,10/25/2016 08:50:53
,01/25/2017 01:42:09
,
,01/26/2017 14:55:48
,01/26/2017 14:00:30
,01/26/2017 14:39:55
,01/26/2017 14:56:33
,01/26/2017 14:29:28
,01/26/2017 14:25:22
,
,
,01/26/2017 14:51:09
,
,01/25/2017 01:42:08
,01/20/2017 22:36:27
,01/26/2017 12:20:28
,01/26/2017 14:46:19
,01/26/2017 14:51:06
,
,01/25/2017 01:42:37
,01/26/2017 08:13:28
,
,10/21/2014 09:14:28
,
,01/26/2017 09:04:12
,01/26/2017 14:12:54
,01/26/2017 11:57:32
,01/26/2017 09:26:17
,01/26/2017 14:23:40
,01/26/2017 14:47:03
,01/23/2017 18:06:57
,01/26/2017 14:58:42
,01/26/2017 14:39:57
,01/26/2017 06:56:06
,01/26/2017 14:52:43
,01/26/2017 14:58:08
,01/26/2017 11:46:56
,01/26/2017 14:57:05
,01/26/2017 14:59:21
,01/10/2017 13:50:31
,01/25/2017 01:53:16
,01/26/2017 14:38:49
